{
    "loss": 6.257941246032715,
    "accuracy": 0.5179855823516846
}