{
    "loss": 28.51475715637207,
    "accuracy": 0.5179855823516846
}